赵嘉凌,蔡文伟
曹梅
范建平,李常洪,吴美琴,梁嘉骅,侯丽萍
李常洪,吴美琴,梁嘉骅,侯丽萍
吴美琴,梁嘉骅,侯丽萍
梁嘉骅,侯丽萍
童汝根
李金昌
吴春旭,陈家耀,刘博文
陈家耀,刘博文
侯建荣,顾锋,黄丹
顾锋,黄丹
李书宾
陈伟,许之所
刘晓峰
殷瑞飞,朱建平
朱建平1,来升强
刘波,马红妹,徐学文
马红妹,徐学文
马丰宁
刘永
李丹
白建军
虞丽娟,张辉,凌培亮
张辉,凌培亮
王学丽,李嘉森
尤建新,曹颢,孙莹莹
曹颢,孙莹莹
李新,黄凯
赵健,傅莉
胡艺文,陈美芳
胡苏皓
徐君,张凯
张宗新
王磊,刘东苏
王洲
张赛男,赵蔚
孙景,李峰
马连浩,杨鑫华,李荣键
杨鑫华,李荣键
高永平,钱进
郭丽红,温小霓
翟顺平,朱美琳
李继
李俊,周宇葵
李长玲,翟雪梅
蒋一平
张鹰,李理,王昆鹏,李朝荣
李理,王昆鹏,李朝荣
王昆鹏,李朝荣
朱建平2,徐俊伟,乐燕波
徐俊伟,乐燕波
彭寿康
郝小花,邓小昭
演克武,张磊,孙强
张磊,孙强
侯跃芳,崔雷,朱利娜
崔雷,朱利娜
李纲,郑重
黄闽英
史成东,陈菊红,郭福利
陈菊红,郭福利
王洪利
程志,黄荣怀
邱均平,张洋,赵蓉英
张洋,赵蓉英
汪全莉
刘静春,余玲
朱弋玮
肖建国
王玲,肖海军,郑兰先
肖海军,郑兰先
于宝琴
高建,董秀成
谢邦昌,李扬
谭华,谢赤
孙华梅
张宗新1,沈正阳
赵养清,虞丽娟1,张辉1
虞丽娟1,张辉1
赵会群,孙晶,花勇民,金季春
孙晶,花勇民,金季春
花勇民,金季春
苏敏
林海萍,梁卫权
李娜,吴清强,侯丽萍1
吴清强,侯丽萍1
王伊蕾,李涛,王福生,钟丽
李涛,王福生,钟丽
王福生,钟丽
高淑琴
王敏,张志强
孙莹莹1,程华,万浩
程华,万浩
应维云,覃正,李秀
覃正,李秀
孙景1,李志伟,刘炜
李志伟,刘炜
王艳芳
张海燕,陈士俊,王江
陈士俊,王江
吴海鹏,马吉权
肖勇,程华1,孙莹莹2
程华1,孙莹莹2
柳小鹏,杨帆,米红
杨帆,米红
杨震宁,吕萍,王以华
吕萍,王以华
左惠
雷孝平,朱东华,周春娜
朱东华,周春娜
尚虎平
钱峰
张晗,李松,孙国荣
李松,孙国荣
应维云1,覃正1,李秀1
覃正1,李秀1
李农,陈隽
冯新民,王建冬
傅翠晓,钱省三
杨文珠
黄小忠,史江
谢丽萍,吴强
吕晓玲,吴喜之
郑永彪,肖荣阁
杜宽旗,蒙肖莲
于昕,王道平,黄哲学
王道平,黄哲学
樊博
李纲1,郑重1
马宏惠,张平
董小英,彭泗清,王其文,余艳,郝金星,陈文广,窦曦骞
彭泗清,王其文,余艳,郝金星,陈文广,窦曦骞
王其文,余艳,郝金星,陈文广,窦曦骞
余艳,郝金星,陈文广,窦曦骞
郝金星,陈文广,窦曦骞
陈文广,窦曦骞
杨子怡
何海鹰,朱建平3,谢邦昌1,陈铮
朱建平3,谢邦昌1,陈铮
谢邦昌1,陈铮
石娟
郭风,秦惠林
虞丽娟2,张辉2,凌培亮1
张辉2,凌培亮1
钱峰1
周颖,黄荣怀1,段季芳,闻林涛
黄荣怀1,段季芳,闻林涛
段季芳,闻林涛
王伟
王立伟
张光前,陈廷斌
李芳林,赵喜仓
肖进,贺昌政
徐正云
何海鹰1,朱建平4,谢邦昌2
朱建平4,谢邦昌2
赵小虎,张成虎
胡仁昱,朱建国
李敏
路永和,罗新
张金镯
石娟,齐二石
马芳,王效岳
诸兵,郭海湘
于昕1,王道平1,黄哲学1
王道平1,黄哲学1
吴洁,彭其渊
丁刚
赵佩华,张卫国
刘丙泉,梁静国
钟辉新
黄梅,唐德祥,邓成超
唐德祥,邓成超
岳明,李敏强
程娟
程娟1
张维,杨旭才,陆晓春,史道济
杨旭才,陆晓春,史道济
陆晓春,史道济
赵琦,刘建华,冯浩然
刘建华,冯浩然
张金柱,张东,王惠临
张东,王惠临
陈凯,温慧博
杨莉,赵莉,曹扬
赵莉,曹扬
章成敏,许鑫,章成志
许鑫,章成志
刘怀亮,张治国,马志辉,董萍,许君宁
张治国,马志辉,董萍,许君宁
马志辉,董萍,许君宁
董萍,许君宁
张智雄,吴振新,刘建华1,徐健,洪娜,赵琦1
吴振新,刘建华1,徐健,洪娜,赵琦1
刘建华1,徐健,洪娜,赵琦1
徐健,洪娜,赵琦1
洪娜,赵琦1
徐健,张智雄,吴振新
张智雄,吴振新
